train_loss,val_loss,train_acc,val_acc
31.300715533169832,31.45184705257416,0.047857142857142855,0.06525
